Sample,Name,Condition,model
RPFN2_S31_Run1,Sample_RPFN2_S31_Run1,Sham,~condition
RPFN2_S31_Run2,Sample_RPFN2_S31_Run2,Sham,
RPFN4_S32_Run1,Sample_RPFN4_S32_Run1,Sham,
RPFN4_S32_Run2,Sample_RPFN4_S32_Run2,Sham,
RPFN8_S33_Run1,Sample_RPFN8_S33_Run1,Sham,
RPFN8_S33_Run2,Sample_RPFN8_S33_Run2,Sham,
RPFN17_S34_Run1,Sample_RPFN17_S34_Run1,Sham,
RPFN17_S34_Run2,Sample_RPFN17_S34_Run2,Sham,
RPFN20_S35_Run1,Sample_RPFN20_S35_Run1,Sham,
RPFN20_S35_Run2,Sample_RPFN20_S35_Run2,Sham,
RPFN24_S36_Run1,Sample_RPFN24_S36_Run1,Sham,
RPFN24_S36_Run2,Sample_RPFN24_S36_Run2,Sham,
RPFN28_S37_Run1,Sample_RPFN28_S37_Run1,Sham,
RPFN28_S37_Run2,Sample_RPFN28_S37_Run2,Sham,
RPFN29_S38_Run1,Sample_RPFN29_S38_Run1,Sham,
RPFN29_S38_Run2,Sample_RPFN29_S38_Run2,Sham,
RPFN35_S39_Run1,Sample_RPFN35_S39_Run1,Sham,
RPFN35_S39_Run2,Sample_RPFN35_S39_Run2,Sham,
RPFN37_S40_Run1,Sample_RPFN37_S40_Run1,Sham,
RPFN37_S40_Run2,Sample_RPFN37_S40_Run2,Sham,
RPFN1_S20_Run1,Sample_RPFN1_S20_Run1,High Blast,
RPFN1_S20_Run2,Sample_RPFN1_S20_Run2,High Blast,
RPFN3_S21_Run1,Sample_RPFN3_S21_Run1,High Blast,
RPFN3_S21_Run2,Sample_RPFN3_S21_Run2,High Blast,
RPFN5_S22_Run1,Sample_RPFN5_S22_Run1,High Blast,
RPFN5_S22_Run2,Sample_RPFN5_S22_Run2,High Blast,
RPFN7_S23_Run1,Sample_RPFN7_S23_Run1,High Blast,
RPFN7_S23_Run2,Sample_RPFN7_S23_Run2,High Blast,
RPFN9_S24_Run1,Sample_RPFN9_S24_Run1,High Blast,
RPFN9_S24_Run2,Sample_RPFN9_S24_Run2,High Blast,
RPFN11_S25_Run1,Sample_RPFN11_S25_Run1,High Blast,
RPFN11_S25_Run2,Sample_RPFN11_S25_Run2,High Blast,
RPFN12_S19_Run1,Sample_RPFN12_S19_Run1,High Blast,
RPFN12_S19_Run2,Sample_RPFN12_S19_Run2,High Blast,
RPFN23_S26_Run1,Sample_RPFN23_S26_Run1,High Blast,
RPFN23_S26_Run2,Sample_RPFN23_S26_Run2,High Blast,
RPFN25_S27_Run1,Sample_RPFN25_S27_Run1,High Blast,
RPFN25_S27_Run2,Sample_RPFN25_S27_Run2,High Blast,
RPFN33_S28_Run1,Sample_RPFN33_S28_Run1,High Blast,
RPFN33_S28_Run2,Sample_RPFN33_S28_Run2,High Blast,
RPFN36_S29_Run1,Sample_RPFN36_S29_Run1,High Blast,
RPFN36_S29_Run2,Sample_RPFN36_S29_Run2,High Blast,
RPFN38_S30_Run1,Sample_RPFN38_S30_Run1,High Blast,
RPFN38_S30_Run2,Sample_RPFN38_S30_Run2,High Blast,